Song Name,Singer(s),Mood,Language
Tum Se Hi,Mohit Chauhan,happy,Hindi
Saibo,Shreya Ghoshal & Sachin-Jigar,happy,Hindi
Ik Lamha,Azaan Sami Khan & Maya Ali,happy,Hindi
Sun Saathiya,Divya Kumar & Priya Saraiya,happy,Hindi
Khwab,Iqlipse Nova & Aditya A,happy,Hindi
Pehli Nazar Mein,Atif Aslam,happy,Hindi
Tera Hone Laga Hoon,Atif Aslam,happy,Hindi
Kaun Tujhe,Palak Muchhal,happy,Hindi
Janiye,Rashmeet Kaur & Vishal Mishra,happy,Hindi
Main Agar Kahoon,Sonu Nigam & Shreya Ghoshal,happy,Hindi
O Saathi,Atif Aslam & Manoj Bajpayee,happy,Hindi
Aakhon Se Batana,Dikshant,happy,Hindi
Sanam Re,Arijit Singh,happy,Hindi
Mann Mera,Gajendra Verma,happy,Hindi
Duniyaa,Akhil & Dhvani Bhanushali,happy,Hindi
Guzarish,Javed Ali,happy,Hindi
Love You Zindagi,Amit Trivedi,happy,Hindi
Buddhu Sa Mann,Amaal Mallik & Armann Malik,happy,Hindi
Woh Din,Arijit Singh,happy,Hindi
Aashayein,KK & Salim Merchant,happy,Hindi
Matargashti,Mohit Chauhan,happy,Hindi
Sau Aasmaan,Armaan Malik & Neeti Mohan,happy,Hindi
Kabhi Kabhi Aditi,Rashid Ali,happy,Hindi
Manwa Laage,Shreya Ghoshal & Arijit Singh,happy,Hindi
Hawayein,Arijit Singh & Pritam Chakraborty,happy,Hindi
Baazigar O Baazigar,Alka Yagnik & Kumar Sanu,happy,Hindi
Koi Mil Gaya,K.S. Chithra & Udit Narayan,happy,Hindi
Tujhe Dekha To,Kumar Sanu & Lata Mangeshkar,happy,Hindi
Tumse Milke Dil Ka,Anu Malik & Sonu Nigam,happy,Hindi
Suraj Hua Maddham,Alka Yagnik & Sonu Nigam,happy,Hindi
Gerua,Arijit Singh & Pritam Chakraborty,happy,Hindi
Chand Sifarish,Kailash Kher & Shaan,happy,Hindi
Maula Mere Maula,Roopkumar Rathod,happy,Hindi
Neele Neele Ambar Par,Kishore Kumar,happy,Hindi
Pyar Diwana Hota Hai,Kishore Kumar,happy,Hindi
Likhe Jo Khat Tujhe,Mohammed Rafi,happy,Hindi
Raabta,Arijit Singh,happy,Hindi
Tere Hoke Rahenge,Arijit Singh,happy,Hindi
Tum Hi Ho,Arijit Singh,happy,Hindi
Heeriye,Jasleen Royal & Arijit Singh,happy,Hindi
Tujh Mein Rab Dikhta Hai,Roopkumar Rathod & Jay Kadn,happy,Hindi
Thoda Thoda Pyaar,Kumaar & Nilesh Ahuja,happy,Hindi
Saiyaara,Mohit Chauhan & Sohail Sen,happy,Hindi
Mere Sohneya,Parampara Thakur & Sachet Tandon,happy,Hindi
Hawa Banke,Darshan Raval,happy,Hindi
Pehla Pyaar,Armaan Malik & Vishal Mohan,happy,Hindi
Suno Na Sangemarmar,Arijit Singh,happy,Hindi
Jab Tak,Amaal Mallik & Armann Malik,happy,Hindi
Nadaaniyan,Akshath,happy,Hindi
Tum Se,Raghav Chaitanya & Sachin-Jigar & Varun Jain,happy,Hindi
Dekha Tenu,Mohammad Faiz & Jaani,happy,Hindi
O Maahi,Pritam & Arjit Singh & Irshad Kamil,happy,Hindi
Pheli Dafa,Atif Aslam & Shiraj Uppal,happy,Hindi
Pee Loon,Pritam & Arjit Singh & Mohit Chauhan,happy,Hindi
Be Intehaan,Atif aslam & Sunidhi chauhan & Pritam,happy,Hindi
Main Rang Sharbaton Ka,Atif Aslam & Chimayi & Pritam,happy,Hindi
Mere Bina,Pritam & Nikhil D Souza,happy,Hindi
Zehnaseeb,Vishal-Shekhar & Chinmayi & Shekhar Ravjiani,happy,Hindi
Tera Fitoor,Arijit Singh,happy,Hindi
Titli,Chinmayi Sripaada & Gopi Sunder,happy,Hindi
Haule Haule,Sukhwinder Singh,happy,Hindi
Yeh Haseen Vadiyan Yeh Khula Aasaman,A.R. Rahman & S.P. Balasubrahmanyam,happy,Hindi
Give Me Some Sunshine,Sharman Joshi & Suraj Jagan,happy,Hindi
Sab Tera,Armaan Malik & Shraddha Kapoor,happy,Hindi
Apna Bana Le,Amitabh Bhattacharya & Arijit Singh,happy,Hindi
Mujhko Barsaat Bana Lo,Armaan Malik,happy,Hindi
Bol Do Na Zara,Armaan Malik,happy,Hindi
Itni Si Baat Hain,Arijit Singh & Antara Mitra,happy,Hindi
Zaalima,Arijit Singh & Harshdeep Kaur,happy,Hindi
Udi Udi Jaye,Bhoomi Trivedi & Karsan Sargathiya,happy,Hindi
Tu Jo Mila,KK,happy,Hindi
Prem Ratan Dhan Payo,Himesh Reshammiya & Palak Muchhal,happy,Hindi
India Waale,KK & Neeti Mohan & Vishal Dadlani,happy,Hindi
Mere Naam Tu,Abhay Jodhpurkar,happy,Hindi
Ajab Si,KK,happy,Hindi
Makhna,Asees Kaur & Tanishk Bagchi & Yasser Desai,happy,Hindi
Teri Aankhon Mein,Darshan Raval & Manan Bhardwaj & Neha Kakkar,happy,Hindi
Main Khiladi,Tanishk Bagchi & Anu Malik,happy,Hindi
Tere Naal,Darshan Raval & Tulsi Kumar,happy,Hindi
Nachde Ne Saare,Harshdeep Kaur & Jasleen Royal & Siddharth Mahadevan,happy,Hindi
Nainowale Ne,Neeti Mohan,happy,Hindi
Mere Dholna,Arijit Singh,happy,Hindi
Kheech Meri Photo,Akasa & Darshan Raval & Neeti Mohan,happy,Hindi
Proper Patola,Diljit Dosanjh,happy,Hindi
Chogada,Asees Kaur & Darshan Raval,happy,Hindi
Barso Re,A.R. Rahman & Shreya Ghoshal & Uday Mazumdar,happy,Hindi
Naach Meri Rani,Guru Randhawa & Nikhita Gandhi,happy,Hindi
Main Tera Boyfriend,Arijit Singh & Neha Kakkar & Meet Bros,happy,Hindi
Nayan,Dhvani Bhanushali & Jubin Nautiyal & Lijo George-DJ Chetas,happy,Hindi
Paani Paani,Badshah & Aastha Gill,happy,Hindi
Genda Phool,Badshah & Payal Dev,happy,Hindi
Garmi,Badshah & Neha Kakkar,happy,Hindi
The Disco Song,Vishal-Shekhar & Benny Dayal & Sunidhi Chauhan,happy,Hindi
Besharam Rang,Vishal-Shekhar & Shilpa Rao & Caralisa Monteiro,happy,Hindi
Bijlee Bijlee,Hardy Sandhu,happy,Hindi
Jhoome Jo Pathaan,Arijit Singh & Sukriti Kakar & Shekhar Ravjiani & Vishal Dadlani,happy,Hindi
Jeetenge Hum,DJ Chetas & Dhvani Bhanushali & Lijo George,happy,Hindi
Drama Queen,Shreya Ghoshal & Vishal Dadlani & Vishal-Shekhar,happy,Hindi
Ishq Wala Love,Shekhar Ravjiani & Salim Merchant & Neeti Mohan,happy,Hindi
Ishq Bulaava,Shipra Goyal & Sanam Puri,happy,Hindi
Ghagra,Vishal Dadlani & Rekha Bhardwaj,happy,Hindi
Ilahi,Pritam & Arijit Singh,happy,Hindi
Ve Maahi,Arijit Singh & Asees Kaur & Tanishk Bagchi,happy,Hindi
Pal Pal Dil Ke Paas,Arijit Singh & Parampara Thakur,happy,Hindi
Qaafirana,Arijit Singh & Nikhita Gandhi,happy,Hindi
Kesariya,Arijit Singh,happy,Hindi
Haanikaarak Bapu,Sartaz Khan Barna & Sarwar Khan,happy,Hindi
Shubhaarambh,Amit Trivedi & Divya Kumar & Shruti Patha,happy,Hindi
Labon Ko,KK,happy,Hindi
Kashmir Main Tu Kanyakumari,Arijit Singh & Neeti Mohan & Sunidhi Chauhan,happy,Hindi
Aapke Pyaar Mein,Alka Yagnik,happy,Hindi
Doubtwa,Sukhwinder Singh,happy,Hindi
Chammo,Sohail Sen & Shadab Faridi & Shreya Ghoshal & Sukhwinder Singh,happy,Hindi
Care Ni Karda,Sweetaj Brar & Yo Yo Honey Singh,happy,Hindi
Afghan Jalebi,Akhtar Chanal Zahri & Amitabh Bhattacharya & Pritam Chakraborty,happy,Hindi
Sooraj Dooba Hain,Arijit Singh,happy,Hindi
Ambarsariya,Munna Dhiman & Ram Sampath & Sona Mohapatra,happy,Hindi
Nazm Nazm,Ayushmann Khurrana,happy,Hindi
Wajah Tum Ho,Armman Malik,happy,Hindi
Tumhe Apna Banane Ka,Armaan Malik & Neeti Mohan & Rashmi Virag,happy,Hindi
Vekh Sohneyaa,Bombay The Artist & CHARAN,happy,Hindi
Zaroor,Aparshakti Khurana & Savi Kahlon,happy,Hindi
Kabhi Usey Noor Noor Kehta Hoon,Diljit Dosanjh & Gulzar & Shankar-Ehsaan-Loy,happy,Hindi
Dil Ne Yeh Kaha Hain Dil Se,Alka Yagnik & Kumar Sanu & Udit Narayan,happy,Hindi
Jaadu Teri Nazar,Lata Mangeshkar & Vinod Rathod,happy,Hindi
Dholna,Lata Mangeshkar & Udit Narayan,happy,Hindi
Dil To Pagal Hai,Lata Mangeshkar & Udit Narayan,happy,Hindi
Pehla Nasha,Sadhana Sargam & Udit Narayan,happy,Hindi
Main Koi Aisa Geet Gaoon,Abhijeet Bhattacharya  & Alka Yagnik,happy,Hindi
Swag Se Swagat,Benny Dayal & Vishal Dadlani,happy,Hindi
Mehndi Laga Ke Rakhna,Lata Mangeshkar & Udit Narayan,happy,Hindi
Jeene Laga Hoon,Atif Aslam & Shreya Ghoshal,happy,Hindi
Dil Diyan Gallan,Atif Aslam,happy,Hindi
London Thumakda (Remix),Labh Janjua & Neha Kakkar & Sonu Kakkar,happy,Hindi
Kajra Re,Alisha Chinai & Javed Ali & Shankar Mahadevan,happy,Hindi
Chunar,Arijit Singh,happy,Hindi
Laal Ishq,Yo Yo Honey Singh,happy,Hindi
Mujhko Barsa Le,Armaan Malik,happy,Hindi
Mujhko Yaad Karna,Kishore Kumar & Lata Mangeshkar,happy,Hindi
Tu Har Lamha,Arijit Singh,happy,Hindi
Tera Hone Laga Hoon,Atif Aslam & Alisha Chinai,happy,Hindi
Chhoti Si Asha,A.R. Rahman,happy,Hindi
Tum Hi Ho Bandhu,Neeraj Shridhar & Kavita Seth,happy,Hindi
Nashe Si Chadh Gayi,Arijit Singh,happy,Hindi
Ban Ja Rani,Guru Randhawa & Nikhita Gandhi,happy,Hindi
Khoobsurat,Vishal Mishra,happy,Hindi
Pyaar Hota Kayi Baar Hai,Arijit Singh,happy,Hindi
Pyaar Kiya Hai,Armaan Malik,happy,Hindi
Saari Duniya,Arijit Singh,happy,Hindi
Manjha,Vishal Mishra,sad,Hindi
Haareya,Sachin-Jigar & Arijit Singh & Priya Saraiya,sad,Hindi
Pehle Bhi Main,Raj Shekhar & Vishal Mishra,sad,Hindi
O Bedardeya,Arijit Singh,sad,Hindi
Main Dhoondne Ko Zamaane Mein,Arijit Singh,sad,Hindi
Tera Zikr,Darshan Raval,sad,Hindi
Choo Lo,The Local Train,sad,Hindi
Hamari Adhuri Kahani,Arijit Singh,sad,Hindi
Aadat,Atif Aslam,sad,Hindi
Tum Hi Aana,Jubin Nautiyal & Payal Dev,sad,Hindi
Kahani Suno,Kaifi Khalil,sad,Hindi
Husn,Anuv Jain,sad,Hindi
Agar Tum Saath Ho,Alka Yagnik & Arijit Singh,sad,Hindi
Tujhe Bhula Diya,Mohit Chauhan & Shruti Pathak,sad,Hindi
Mann Bharrya,B Praak,sad,Hindi
Asal Mein,Darshan Raval,sad,Hindi
Phir Mohabbat,Arijit Singh & Mohammed Irfan,sad,Hindi
Hasi Ban Gaye,Ami Mishra & Kunaal Vermaa,sad,Hindi
Humnava Mere,Jubin Nautiyal & Rocky-Shiv,sad,Hindi
Ek Raat,Vilen,sad,Hindi
Khairiyat,Arijit Singh,sad,Hindi
Kho Gaye,Taaruk Raina,sad,Hindi
Deewana Kar Raha Hai,Javed Ali,sad,Hindi
Aasan Nahin Yahan,Arijit Singh,sad,Hindi
Jee Le Zaraa,Vishal Dadlani,sad,Hindi
Baarish Lete Aana,Darshan Raval,sad,Hindi
Bandeya,Arijit Singh & Shariib Toshi,sad,Hindi
Sanam Teri Kasam,Himesh Reshammiya & Ankit Tiwari,sad,Hindi
Tera Chehra,Arijit Singh,sad,Hindi
Haal - E - Dil,Neeti Mohan,sad,Hindi
Tum Bin,Shreya Ghoshal & Jeet Ganguly,sad,Hindi
Chale Jaana Phir,Denny & Rahul Mishra & Kunaal Vermaa,sad,Hindi
Jeena Jeena,Atif Aslam,sad,Hindi
Tera Ghata,Gajendra Verma,sad,Hindi
Jiyein Kyun,Pritam & Papon,sad,Hindi
Tainu Khabar Nahi,Sachin-Jigar & Arijit Singh,sad,Hindi
Mere Nishaan,Kailash Kher & Meet Bros Anjjan,sad,Hindi
Waqt Ki Baatein,Dream Note,sad,Hindi
Zindagi Kuch Toh Bata,Jubin Nautiyal & Neelesh Misra & Shankar-Ehsan-Loy,sad,Hindi
Iktara,Amit Trivedi & Amitabh Bhattacharya,sad,Hindi
Maahi,Shaarib Toshi & Toshi Sabri,sad,Hindi
Toota Jo Kabhi Taara,Atif Aslam & Sumedha K,sad,Hindi
Teri Meri Kahaani,Arijit Singh & Palak Mucchal,sad,Hindi
Jo Tum Mere Ho,Anuv Jain,sad,Hindi
Phir Bhi Tumko Chaahunga,Arijit Singh & Shashaa Tirupati,sad,Hindi
Gilehriyaan,Jonita Gandhi,sad,Hindi
Vaaste,Dhvani Bhanushali & Nikhil D'Souza,sad,Hindi
Bezubaan,Mohit Chauhan & Priya Saraiya,sad,Hindi
Aaj Bhi,Vishal Mishra,sad,Hindi
Channa Mereya,Pritam & Arijit Singh,sad,Hindi
Humdard,Arijit Singh,sad,Hindi
Judaai,Rekha Bharadwaj & Arijit Singh,sad,Hindi
Tu Aake Dekhle,King,sad,Hindi
Marham,Vishal Mishra & Raj Shekhar,sad,Hindi
Ek Tarfa,Darshan Raval,sad,Hindi
Kalank,Pritam & Arijit Singh,sad,Hindi
Mere Baad Kisko Sataoge,Madhur Sharma,sad,Hindi
Dard-E-Disco,Sukhwinder Singh & Marianne D'cruz & Caralisa Monteiro,sad,Hindi
Barbaadiyan,Sachet Tandon & Nikhita Gandhi & Madhubanti Bagchi & Sachin-Jigar,sad,Hindi
Tera Yaar Hoon Mein,Arijit Singh,sad,Hindi
Dil,Raghav Chaitanya,sad,Hindi
Chiraiyya,Swanand Kirkire & Ram Sampath,sad,Hindi
Bezubaan Kab Se,Siddarth Basrur & Jubin Nautiyal & Sachin-Jigar,sad,Hindi
Yaad Piya Ki Aane Lagi,Neha Kakkar & Tanishk Bagchi & Lalit Sen,sad,Hindi
Dil Me Ho Tum,Armaan Malik & Bappi Lahiri & Rochak Kohli,sad,Hindi
Mujhe Peene Do,Darshan Raval,sad,Hindi
Zara Zara,Bombay Jayashri & Harris Jayaraj,sad,Hindi
Raataan Lambiyan,Tanishk Bagchi & Jubin Nautiyal & Asees Khan,sad,Hindi
Pasoori,Shae Gill & Ali Sethi,sad,Hindi
Main Hoon Saath Tere,Arijit Singh,sad,Hindi
Atak Gaya,Arijit Singh & Rupali Moghe,sad,Hindi
Jaan Nisaar,Arijit Singh,sad,Hindi
Bawara Mann,Jubin Nautiyal & Neeti Mohan,sad,Hindi
Akh Lad Jaave,Badshah & Asees Kaur & Jubin Nauriyal,sad,Hindi
Bandeya Ray Bandeya,Arijit Singh & Asees Kaur,sad,Hindi
Tere Saath Ho,Guru Randhawa & Tanishk Bagchi & Zahrah S Khan,sad,Hindi
Bhula Dunga,Darshan Raval,sad,Hindi
Milenge Hum Nahi,Kunaal Vermaa & Aditya Dev,sad,Hindi
Mitwa,Shankar Mahadevan & Shafqat Amanat Ali & Caralisa Monteiro,sad,Hindi
Mere Raskhe Qamar,Nusrat Fateh Ali Khan,sad,Hindi
Mere Liye Tum Kaafi Ho,Ayushmann Khurrana & Tanishk-Vayu,sad,Hindi
Ranjha,B Praak & Jasleen Royal & Romy Madley Croft,sad,Hindi
Mere Samne Wali Khidki Mein,Kishore Kumar,sad,Hindi
Zindagi Se,Shafqat Amanat Ali,sad,Hindi
Tadap Tadap Ke,KK,sad,Hindi
Kabhi Khushi Kabhi Gham,Lata Mangeshkar & Sonu Nigam,sad,Hindi
Abhi Mujh Mein Kahin,Sonu Nigam,sad,Hindi
O Saiyyan,Shekhar Ravjiani,sad,Hindi
Muskurane,Arijit Singh,sad,Hindi
Khamoshiyan,Arijit Singh,sad,Hindi
Tujhe Kitna Chahne Lage,Arijit Singh,sad,Hindi
Channa Mereya,Arijit Singh,sad,Hindi
Pachtaoge,Arijit Singh,sad,Hindi
Dil Diyan Gallan,Atif Aslam,sad,Hindi
Yaad Hai Na,Arijit Singh,sad,Hindi
Bulleya,Amit Mishra & Shilpa Rao,sad,Hindi
Phir Se Ud Chala,Mohit Chauhan,sad,Hindi
Mere Rashke Qamar,Nusrat Fateh & Ali Khan & Rahat Fateh,sad,Hindi
Yaad Teri Aati Hai,Kumar Sanu,sad,Hindi
Kabhi Alvida Naa Kehna,Shankar-Ehsaan-Loy,sad,Hindi
Tujhse Naraz Nahi Zindagi,Anup Ghoshal,sad,Hindi
Kaise Hua,Vishal Mishra,sad,Hindi
Kuch Is Tarah,Atif Aslam,sad,Hindi
Galliyan,Ankit Tiwari,sad,Hindi
O Re Piya,Rahat Fateh Ali Khan,sad,Hindi
Main Rahoon Ya Na Rahoon,Armaan Malik & Bappi Lahiri & Rochak Kohli,sad,Hindi
Muskuraane Ki Wajah,Arijit Singh,sad,Hindi
Ye Dooriyan,Mohit Chauhan,sad,Hindi
Bolna,Arijit Singh,sad,Hindi
Aayat,Arijit Singh,sad,Hindi
Paniyon Sa,Atif Aslam,sad,Hindi
Bhula Dena,Mustafa Zahid,sad,Hindi
Aaoge Jab Tum,Ustad Rashid Khan,sad,Hindi
Dil Sambhal Ja Zara,Arijit Singh,sad,Hindi
Tera Mera Rishta Purana,Mustafa Zahid,sad,Hindi
Main Jahaan Rahoon,Rahat Fateh Ali Khan,sad,Hindi
Tere Bina Zindagi Se,Lata Mangeshkar & Kishore Kumar,sad,Hindi
Naina,Neha Kakkar & Arijit Singh,sad,Hindi
Tere Liye,Mithoon & Ankit Tiwari,sad,Hindi
Kya Tujhe Ab Ye Dil Bataye,Falak Shabir,sad,Hindi
Bekhayali,Sachet Tandon & Sachet-Parampara,sad,Hindi
Tu Jaane Na,Atif Aslam,sad,Hindi
Daayre,Arijit Singh,sad,Hindi
Tum Mere Ho,Ankit Tiwari,sad,Hindi
Tanhaai,Sonu Nigam,sad,Hindi
Zindagi Do Pal Ki,KK,sad,Hindi
Kaisa Yeh Ishq Hai,Aditi Singh Sharma & Arjun Kanungo,sad,Hindi
Raabta,Arijit Singh,sad,Hindi
Ae Mere Humsafar,Suman Sridhar,sad,Hindi
Tere Liye,Mithoon & Ankit Tiwari,sad,Hindi
Dil Ki Baaton Ko,Javed Bashir,sad,Hindi
Kaabil Hoon,Jubin Nautiyal & Palak Muchhal,sad,Hindi
Kisi Se Pyaar Ho Jaaye,Aditi Singh Sharma & Arjun Kanungo,sad,Hindi
Kuch Toh Hai,Vishal Mishra & Aditi Singh Sharma,sad,Hindi
Chikni Chameli,Ajay Atul & Shreya Ghoshal,excited,Hindi
Kar Gayi Chull,Badshah & Neha Kakkar,excited,Hindi
The Humma,A.R. Rahman & Badshah,excited,Hindi
Manma Emotion Jaage,Amit Mishra & Anushka Manchanda,excited,Hindi
Ude Dil Befikre,Benny Dayal,excited,Hindi
Hookah Bar,Aaman Trikha & Himesh Reshammiya,excited,Hindi
Munni Badnaam Hui,Mamta Sharma & Aishwarya Nigam,excited,Hindi
Dilbar,Neha Kakkar & Dhvani Bhanushali,excited,Hindi
Bom Diggy Diggy,Jasmin Walia & Zack Knight,excited,Hindi
DJ Waley Babu,Badshah & Aastha Gill,excited,Hindi
Chammak Challo,Akon & Hamsika Iyer,excited,Hindi
Dil Cheez Tujhe Dedi,Ankit Tiwari & Arijit Singh,excited,Hindi
Badtameez Dil,Benny Dayal & Shefali Alvares,excited,Hindi
Lovely,Kanika Kapoor & Ravindra Upadhyay,excited,Hindi
Sunny Sunny,Neha Kakkar & Yo Yo Honey Singh,excited,Hindi
Fevicol Se,Mamta Sharma & Wajid Ali,excited,Hindi
Dil Dhadakne Do,Priyanka Chopra & Farhan Akhtar,excited,Hindi
Asalaam-e-Ishqum,Bappi Lahiri & Neha Bhasin,excited,Hindi
Offo,Aditi Singh Sharma & Amitabh Bhattacharya,excited,Hindi
Sulthan,Brijesh Shandilya & Mohan Krishna,excited,Hindi
Toofan,Brijesh Shandilya & Mohan Krishna,excited,Hindi
Subha Hone Na De,Mika Singh & Shefali Alvares,excited,Hindi
Malang,Shilpa Rao & Siddharth Mahadevan,excited,Hindi
Golmaal,Aditi Singh Sharma & Brijesh Shandilya,excited,Hindi
Malhari,Vishal Dadlani,excited,Hindi
London Thumakda,Labh Janjua & Neha Kakkar,excited,Hindi
Sheila Ki Jawani,Shekhar Ravjiani & Vishal Dadlani,excited,Hindi
Jalebi Bai,Anand Raaj Anand & Ritu Pathak,excited,Hindi
O Saki Saki,Neha Kakkar,excited,Hindi
Aa Re Pritam Pyaare,Mamta Sharma & Sarosh Sami,excited,Hindi
Twist,Neeraj Shridhar & Pritam Chakraborty,excited,Hindi
Lungi Dance,Yo Yo Honey Singh,excited,Hindi
Tu Meri,Jayhaan & Vishal Dadlani,excited,Hindi
Make Some Noise For The Desi Boyz,B.o.B & KK,excited,Hindi
Saturday Saturday,Badshah & Indeep Bakshi,excited,Hindi
Bang Bang,Benny Dayal & Neeti Mohan,excited,Hindi
Muqabla,A.R. Rahman,excited,Hindi
Baby Doll,Kanika Kapoor & Meet Bros,excited,Hindi
Chaar Botal Vodka,Yo Yo Honey Singh,excited,Hindi
Pungi,Mika Singh & Pritam Chakraborty,excited,Hindi
Blue Eyes,Yo Yo Honey Singh,excited,Hindi
Love Dose,Yo Yo Honey Singh,excited,Hindi
Kamariya,DJ Chetas & Darshan Raval,excited,Hindi
Gali Gali,Neha Kakkar,excited,Hindi
Party All Night,Yo Yo Honey Singh,excited,Hindi
One Two Three Four,Hamsika Iyer & Sricharan & Vishal Dadlani,excited,Hindi
Daddy Mummy,Devi Sri Prasad & M.M. Manasi,excited,Hindi
Pink Lips,Meet Bros Anjjan & Khushboo Grewal,excited,Hindi
Pinga,Shreya Ghoshal & Vaishali Mhade,excited,Hindi
Malang Sajna,Parampara Thakur & Sachet Tandon,excited,Hindi
Param Sundari,A.R. Rahman & Shreya Ghoshal,excited,Hindi
What Jhumka ?,Arijit Singh & Jonita Gandhi,excited,Hindi
Abrar's Entry|Jamal Kudu,Harshavardhan Rameshwar,excited,Hindi
Laal Peeli Akhiyaan,Tanishk Bagchi & Romy Chaitanya & Neeraj Rajawat,excited,Hindi
Chittiyaan Kalaiyaan,Kanika Kapoor & Meet Bros,excited,Hindi
Teri Baaton Mein Uljha Jiya,Raghav & Tanishk Bagchi & Asees Kaur,excited,Hindi
Akhiyaan Gulaab,Mitraz,excited,Hindi
Phir Bhi Dil Hai Hindustani,Udit Narayan,excited,Hindi
Jai Ho,A.R. Rahman & Sukhwinder Singh & Tanvi Shah,excited,Hindi
Laila Main Laila,Pawni A Pandey,excited,Hindi
Palang Tod,Kaushik & Mika Singh & Ritu Pathak,excited,Hindi
Selfie Le Re Le,Pritam Chakraborty & Vishal Dadlani,excited,Hindi
Satakli,Irshad Kamil & Sukhwinder Singh,excited,Hindi
Nonsense Ki Night,Irshad Kamil & Mika Singh,excited,Hindi
Happy Hour,Mika Singh,excited,Hindi
Kala Chashma,Amar Arshi,excited,Hindi
Coca Cola,Neha Kakkar & Tony Kakkar & Young Desi,excited,Hindi
Bolo Har Har Har,Mithoon &  Mohit Chauhan & Sukhwinder Singh & Badshah,excited,Hindi
The Bhoot Song,Mika Singh & Farhad Samji,excited,Hindi
Badla,Danish Sabri,excited,Hindi
Psycho Saiyaan,Dhvani Bhanushali & Sachet Tandon & Tanishk Bagchi,excited,Hindi
Ek Toh Kum Zindgani,Neha Kakkar & Tanishk Bagchi & Yash Narvekar,excited,Hindi
Players,Badshah & Karan Aulja,excited,Hindi
Raanjhana,Asad Khan & Arijit Singh,excited,Hindi
First Class,Arijit Singh & Neeti Mohan & Pritam,excited,Hindi
Jugnu,Badshah & Nikhita Gandhi,excited,Hindi
Kusu Kusu,Tanishk Bagchi & Zahrah S Khan & Dev Nagi,excited,Hindi
Haan Main Galat,"Shashwat Singh, Arijit Singh, Pritam Chakraborty",excited,Hindi
Get Ready To Fight,Pranaay & Siddharth Basrur & Benny Dayal,excited,Hindi
Aaj Se Teri,Arijit Singh,excited,Hindi
Dekha Hazaro Dafaa,Arijit Singh & Palak Muchhal & Manoj Muntashir,excited,Hindi
Nagada Sang Dhol,Osman Mir and Shreya Ghoshal,Excied,Hindi
Nadiyon Paar,Shamur & Rashmeet Kaur & I.P. Singh & Sachin-Jigar,excited,Hindi
Kar Har Maidaan Fateh,Shreya Ghoshal & Sukhwinder Singh,excited,Hindi
Kamli,Pritam & Sunidhi Chauhan,excited,Hindi
Vande Mataram,Badshah & Daler Mehndi,excited,Hindi
Radha,Shreya Ghoshal & Udit Narayan & Shekhar Ravjiani & Vishal Dadlani,excited,Hindi
Patakha Guddi,Nooran Sisters,excited,Hindi
Dance Ka Bhoot,Pritam & Arijit Singh & Amitabh Bhattacharya,excited,Hindi
Raat Bhar,Arijit Singh & Shreya Ghoshal & Kausar Munir & Wajid Ali,excited,Hindi
Shaitan Ka Saala,Sohail Sen & Vishal Dadlani,excited,Hindi
Sawan Mein Lag Gagi Aag,Badshah & Mika Singh & Neha Kakkar & Payal Dev,excited,Hindi
Nazm Nazm,Arko Pravo Mukherjee,excited,Hindi
Koi Mil Gaya,Jatin-Lalit,excited,Hindi
Woh Ladki Jo,Abhijeet Bhattacharya,excited,Hindi
Bin Tere Sanam,Kavita Krishnamurthy & Udit Narayan,excited,Hindi
Tip Tip Barsa Paani,Alka Yagnik & Udit Narayan,excited,Hindi
Aaj Ki Raat,Sachin-Jigar & Madhubanti Bagchi & Divya Kumar,excited,Hindi
Daaru Desi,Benny Dayal & Shalmali Kholgade,excited,Hindi
Lat Lag Gayee,Denny Dayal & Pritam Chakraborty & Shalmali Kholgade,excited,Hindi
Crazy Kiya Re,Sunidhi Chauhan,excited,Hindi
Ek Main Aur Ekk Tu,Anushka Manchanda & Benny Dayal & Shefali Alvares,excited,Hindi
Munni Badnaam,Aishwarya Nigam & Mamta Sharma,excited,Hindi
Balma,Shreya Ghoshal & Shriram Iyer & Sreerama Chandra,excited,Hindi
Senorita,Shawn Mendes & Camila Cabello,happy,English
Intentions,Justin Bieber & Quavo,happy,English
Perfect,Ed Sheeran,happy,English
Perfect,One Direction,happy,English
Love Me Like You Do,Ellie Goulding,happy,English
Beautiful People,Ed Sheeran & Khalid,happy,English
I Like Me Better,Lauv,happy,English
Girls Like You,Maroon 5 & Cardi B,happy,English
Stereo Hearts,Gym Class Heroes & Adam Levine,happy,English
Lover,Taylor Swift,happy,English
My Heart Will Go On,Celine Dion,happy,English
Positions,Ariana Grande,happy,English
I Feel It Coming,The Weeknd & Daft Punk,happy,English
Closer,The Chainsmokers & Halsey,happy,English
Peaches,Justin Bieber & Giveon,happy,English
Starboy,The Weeknd & Daft Punk,happy,English
Walking on Sunshine,Katrina & The Waves,happy,English
World's Smallest Violin,AJR,happy,English
Cheri Cheri Lady,Modern Talking,happy,English
Summer of '69,Bryan Adams,happy,English
Golden Hour,JVKE,happy,English
Stereo Love,Edward Maya & Vika Jigulina,happy,English
I Like The Way You Kiss Me,Artemas,happy,English
Our Story,Mako,happy,English
Just The Two Of Us,Bill Withers,happy,English
I'm Still Standing,Elton John,happy,English
Somewhere Only We Know,Keane,happy,English
Birthday,Katy Perry,happy,English
Sunflower,Post Malone & Swae Lee,happy,English
Counting Stars,OneRepublic,happy,English
Beautiful Things,Benson Boone,happy,English
I Gotta Feeling,Black Eyed Peas,happy,English
Uptown Funk,Mark Ronson & Bruno Mars,happy,English
Happy,Pharrell Williams,happy,English
Can't Stop the Feeling!,Justin Timberlake,happy,English
Best Day of My Life,American Authors,happy,English
On Top of the World,Imagine Dragons,happy,English
We Found Love,Rihanna & Calvin Harris,happy,English
Celebration,Kool & The Gang,happy,English
I'm a Believer,The Monkees,happy,English
Love on Top,Beyoncé,happy,English
Sugar,Maroon 5,happy,English
Brave,Sara Bareilles,happy,English
Roar,Katy Perry,happy,English
All About That Bass,Meghan Trainor,happy,English
Shake It Off,Taylor Swift,happy,English
Happy Together,The Turtles,happy,English
I'm Walking on Sunshine,Kimberly Rew,happy,English
You Are the Sunshine of My Life,Stevie Wonder,happy,English
I'm a Survivor,Destiny's Child,happy,English
Feel This Moment,Pitbull & Christina Aguilera,happy,English
On the Floor,Jennifer Lopez & Pitbull,happy,English
Pumped Up Kicks,Foster the People,happy,English
All the Small Things,blink-182,happy,English
Mr. Brightside,The Killers,happy,English
Sweet Disposition,The Temper Trap,happy,English
Shut Up and Dance,Walk the Moon,happy,English
Happy Now?,No Doubt,happy,English
Uptown Girl,Billy Joel,happy,English
Can't Feel My Face,The Weeknd,happy,English
"Sugar, We're Goin Down",Fall Out Boy,happy,English
I Gotta Right to Sing the Blues,Louis Armstrong,happy,English
Jump ,Van Halen,happy,English
Celebration Time,Kool & The Gang,happy,English
Can We Kiss Forever?,Kina & Adriana Proenza,sad,English
Sorry,Justin Bieber,sad,English
Night Changes,One Direction,sad,English
Talking To The Moon,Bruno Mars,sad,English
Beginning Middle End,Leah Nobel,sad,English
Dandelions,Ruth B,sad,English
Can't Get Over You,Jan Metternich,sad,English
Into Your Arms,Witt Lowry & Ava Max,sad,English
Poison.,Tundra Beats,sad,English
Chances,XXXTentacion,sad,English
Arcade,Duncan Laurence,sad,English
Heat Waves,Glass Animals,sad,English
Run Back To You,Hoang & Alisa,sad,English
Band Aid,Jan Metternich,sad,English
you broke me first,Tate McRae & Connor Maynard,sad,English
Let Me Down Slowly,Alec Benjamin,sad,English
Someone You Loved,Lewis Capaldi,sad,English
Lovely,Billie Eilish & Khalid,sad,English
Heartbreak Anniversary,Giveon,sad,English
Dusk Till Dawn,ZAYN & Sia,sad,English
Middle Of The Night,Elley Duhé,sad,English
What If (I Told You I Like You),Johnny Orlando & Mackenzie Ziegler,sad,English
Hurts So Good,Astrid S,sad,English
Little Do You Know,Alex & Sierra,sad,English
Don't Let Me Down,The Chainsmokers,sad,English
At My Worst,Pink Sweats,sad,English
Melody,Cadmium & Jon Becker,sad,English
Rewrite The Stars,Anne-Marie & James Arthur,sad,English
Mockingbird,Eminem,sad,English
Broken Angel,Arash & Helena,sad,English
Faded,Alan Walker,sad,English
Happier,Marshmello & Bastille,sad,English
Be Alright,Dean Lewis,sad,English
Let Her Go,Passenger,sad,English
Daylight,David Kushner,sad,English
Forever Young,Alphaville,sad,English
Past Lives,Børns,sad,English
Space Song,Beach House,sad,English
Moral Of The Story,Ashe,sad,English
everything i wanted,Billie Eilish,sad,English
Get You The Moon,Kina & Snøw,sad,English
Another Love,Tom Odell,sad,English
House of Memories,Panic! At The Disco,sad,English
Summertime Sadness,Lana Del Rey,sad,English
Habits (Stay High),Tove Lo,sad,English
Sweater Weather,The Neighbourhood,sad,English
Life Goes On,Oliver Tree,sad,English
Thank You,Dido,sad,English
Is It A Sin,John Michael Howell,sad,English
7 Years,Lukas Graham,sad,English
Slow Low,Jason Derulo,sad,English
End of Beginning,Djo,sad,English
I Wanna Be Yours,Arctic Monkeys,sad,English
Memories,Maroon 5,sad,English
Falling,Harry Styles,sad,English
Falling,Trevor Daniel,sad,English
Takeaway,Illenium & The Chainsmokers,sad,English
Undress Rehearsal,Timeflies,sad,English
drivers license,Olivia Rodrigo,sad,English
Scars To Your Beautiful,Alessia Cara,sad,English
Lily,Alan Walker & Emelie Hollow & K-391,sad,English
Who You Are,Jessie J,sad,English
Never Be The Same,Camila Cabello,sad,English
2002,Anne-Marie,sad,English
Without Me,Eminem,sad,English
Lost Boy,Ruth B,sad,English
Blank Space,Taylor Swift,sad,English
Under The Influence,Chris Brown,sad,English
Nightingale,Demi Lovato,sad,English
Safari,Serena,sad,English
Happier Than Ever,Billie Eilish,sad,English
Infinity,Jaymes Young,sad,English
Die For You,The Weeknd,sad,English
Somebody To You ,The Vamps & Demi Lovato,sad,English
Chandelier,Sia,sad,English
Please Don't Go,Joel Adams,sad,English
willow,Taylor Swift,sad,English
Calm Down,Rema & Selena Gomez,sad,English
A New Kind Of Love,Frou Frou,sad,English
Gangsta's Paradise,Coolio,sad,English
She Knows,J. Cole & Amber Coffman & Cults,sad,English
Mary On A Cross,Ghost,sad,English
I'm Still Here,Sia,sad,English
Valhalla Calling,Peyton Parrish,sad,English
Empathy,Crystal Castles,sad,English
Die With A Smile,Lady Gaga & Bruno Mars,sad,English
Careless Whisper,George Michael,sad,English
No Longer You,Jorge Rivera-Herrans,sad,English
In The End,Linkin Park,sad,English
Runaway,AURORA,sad,English
Demons,Imagine Dragons,sad,English
As It Was,Harry Styles,sad,English
Until I Found You,Stephen Sanchez,sad,English
Shape Of You,Ed Sheeran,excited,English
Taki Taki,DJ Snake & Selena Gomez & Cardi B,excited,English
Fairytale,Alexander Rybak,excited,English
Bad Boy,Tungevaag & Raaban,excited,English
On My Way,Alan Walker & Sabrina Carpenter,excited,English
Dance Monkey,Tones and I,excited,English
Woman,Doja Cat,excited,English
Harleys In Hawaii,Katy Perry,excited,English
Peaches,Justin Bieber & Giveon,excited,English
Jalebi Baby,Tesher & Jason Derulo,excited,English
Love Nwantiti,Ckay & ElGrande Toto,excited,English
Believer,Imagine Dragons,excited,English
Havana,Camila Cabello & Young Thug,excited,English
Hips Don't Lie,Shakira & Wyclef Jean,excited,English
Cheap Thrills,Sia,excited,English
Toca Toca,Fly Project,excited,English
Bloody Mary,Lady Gaga,excited,English
Stay,Justin Bieber & The Kid LAROI,excited,English
Thunder,Imagine Dragons,excited,English
Unstoppable,Sia,excited,English
Bones,Imagine Dragons,excited,English
Sugar & Brownies,Dharia,excited,English
Bilionera,Otilia Brumă,excited,English
Sweet But Psycho,Ava Max,excited,English
Heat Waves,Glass Animals,excited,English
Dick,StarBoi3 & Doja Cat,excited,English
I'm A Mess,Bebe Rexha,excited,English
Rockabye,Clean Bandit & Sean Paul & Anne-Marie,excited,English
Bad Blood,Taylor Swift & Kendrick Lamar,excited,English
Worth It,Fifth Harmony & Kid Ink,excited,English
Whatever It Takes,Imagine Dragons,excited,English
Shake Ya Boom Boom,Black Eyed Peas & Static & Ben El Tavori,excited,English
Gasolina,Daddy Yankee,excited,English
Wrap Me In Plastic,CHROMANCE & Marcus Layton,excited,English
Play Date,Melanie Matrinez,excited,English
Levitating,Dua Lipa,excited,English
One Kiss,Calvin Harris & Dua Lipa,excited,English
Hate Me,Ellie Goulding & Juice WRLD,excited,English
Shivers,Ed Sheeran,excited,English
Attention,Charlie Puth,excited,English
Kings & Queens,Ava Max,excited,English
The Nights,Avicci,excited,English
Insane,Black Gryph0n & Baasik,excited,English
Notion,The Rare Occasions,excited,English
The Final Countdown,Europe,excited,English
Heart Attack,Demi Lovato,excited,English
FRIENDS,Marshmello & Anne-Marie,excited,English
Friend Like Me,Will Smith,excited,English
Firework,Katy Perry,excited,English
Fight Song,Rachel Platten,excited,English
Everything At Once,Lenka,excited,English
Electric Love,Børns,excited,English
Drag Me Down,One Direction,excited,English
Dear No One,Tori Kelly,excited,English
Can You Feel The Love Tonight,Beyoncé & Billy Eichner & Donald Glover,excited,English
Count On Me,Bruno Mars,excited,English
No Need To Say Goodbye,Regina Spektor,excited,English
Beat It,Michael Jackson,excited,English
Espresso,Sabrina Carpenter,excited,English
Big Dawgs,Hanumankind & Kalmi,excited,English
Yummy,Justin Bieber,excited,English
Astronaut In The Ocean,Masked Wolf,excited,English
Watermelon Sugar,Harry Styles,excited,English
Cover Me In Sunshine,Pink & Willow Sage Hart,excited,English
Titanium,David Guetta & Sia,excited,English
Come And Get Your Love,Redbone,excited,English
Hey Mama,David Guetta & Nicki Minaj & Bebe Rexha & Afrojack,excited,English
Dark Horse,Katy Perry & Juicy J,excited,English
One Dance,Drake & Wizkid & Kyla,excited,English
Dynamite,BTS,excited,English
Butter,BTS,excited,English
Dancing With A Stranger,Normani & Sam Smith,excited,English
One Step At A Time,Jordin Sparks,excited,English
Lean On,DJ Snake & Major Lazer & MØ,excited,English
Point Of View,Zero Venture & Cadence XYZ,excited,English
Dancing With Your Ghost,Sasha Alex Sloan,excited,English
OK Not To Be OK,Marshmello & Demi Lovato,excited,English
Hello World,Alan Walker & Torine,excited,English
I Don't Care,Ed Sheeran & Justin Bieber,excited,English
Ignite,K-391 & Alan Walker & Julie Bergan & Seungri,excited,English
What Makes You Beautiful,One Direction,excited,English
The Spectre,Alan Walker,excited,English
Left And Right,Charlie Puth & Jungkook,excited,English
Darkside,Alan Walker & Au/Ra & Tomine Harket,excited,English
Teenage Dream,Katy Perry,excited,English
Blinding Lights,The Weeknd,excited,English
Bye Bye Bye,NSYNC,excited,English
Let Me Love You,DJ Snake & Justin Bieber,excited,English
Vida La Vida,Coldplay,excited,English